Workbook

Sheet Instructions
A1: CRDP Support Effort Estimator (Scan-Informed)
A2: Purpose
A3: This workbook starts from a real PII file-reports JSON export and turns it into a scan-informed CRDP support-estimating workbook.
A4: Label | B4: sample_code
A5: Generated at | B5: 2026-07-21 20:08:05 UTC
A6: Input file | B6: E:\codex\work\migration\reports\sample_code_pii_file-reports_20260721_154735.json
A7: Derived application buckets | B7: 14
A8: How to use it
A9: 1. Review the Input_Overview and Applications sheets to confirm the scan-derived starting point makes sense.
A10: 2. On Derived_Scenarios, edit Readiness, Criticality, and Data / Performance if the operational reality differs from the defaults.
A11: 3. Use Portfolio_Summary to compare total monthly and annual support effort after your edits.
A12: 4. Treat this workbook as scan-informed, not fully automated: operational criticality and support maturity still require human judgement.

Sheet Input_Overview
A1: Input Overview
A2: Metric | B2: Value
A3: Files in input JSON | B3: 47
A4: Likely change-target files | B4: 17
A5: Derived application buckets | B5: 14
A6: Total PII findings | B6: 667
A8: Owner summary | B8: Count
A9: backend_logic_owner | B9: 5
A10: data_access_owner | B10: 1
A11: frontend_reference_only | B11: 9
A12: jdbc_candidate | B12: 11
A13: supporting_model | B13: 21
A15: Recommended action summary | B15: Count
A16: frontend_reference_only | B16: 9
A17: review_crdp_rest_change | B17: 5
A18: review_data_access_change | B18: 1
A19: review_jdbc_substitution | B19: 11
A20: supporting_model_only | B20: 21
A22: Context summary | B22: Count
A23: backend | B23: 35
A24: batch_integration | B24: 2
A25: docs | B25: 1
A26: frontend | B26: 9
A28: Complexity summary | B28: Count
A29: high | B29: 23
A30: low | B30: 10
A31: medium | B31: 14

Sheet Applications
A1: Derived Applications
A2: Application | B2: Path Prefix | C2: Files | D2: Likely Change Targets | E2: Total Findings | F2: JDBC Candidates | G2: Code-Change Candidates | H2: Complexity | I2: Dominant Action | J2: Dominant Owner | K2: Dominant Context | L2: Notes
A3: README.md | B3: README.md | C3: 1 | D3: 1 | E3: 4 | F3: 2 | G3: 2 | H3: medium | I3: review_jdbc_substitution | J3: jdbc_candidate | K3: docs | L3: JDBC-style reduction candidate; application support burden may stay lower than direct wrapper changes. 1 likely change-target file(s) in this derived application bucket. JDBC candidate count observed: 2. Contexts: docs.
A4: backend/dotnet-api | B4: backend\dotnet-api | C4: 10 | D4: 2 | E4: 153 | F4: 4 | G4: 92 | H4: high | I4: supporting_model_only | J4: supporting_model | K4: backend | L4: Supporting-model or DTO-heavy area; often narrows out of true change-owner scope. 2 likely change-target file(s) in this derived application bucket. JDBC candidate count observed: 4. Contexts: backend.
A5: backend/go-service | B5: backend\go-service | C5: 1 | D5: 1 | E5: 17 | F5: 1 | G5: 16 | H5: high | I5: review_jdbc_substitution | J5: jdbc_candidate | K5: backend | L5: JDBC-style reduction candidate; application support burden may stay lower than direct wrapper changes. 1 likely change-target file(s) in this derived application bucket. JDBC candidate count observed: 1. Contexts: backend.
A6: backend/java-kafka | B6: backend\java-kafka | C6: 1 | D6: 1 | E6: 7 | F6: 7 | G6: 0 | H6: high | I6: review_jdbc_substitution | J6: jdbc_candidate | K6: backend | L6: JDBC-style reduction candidate; application support burden may stay lower than direct wrapper changes. 1 likely change-target file(s) in this derived application bucket. JDBC candidate count observed: 7. Contexts: backend.
A7: backend/jdbc-only | B7: backend\jdbc-only | C7: 2 | D7: 1 | E7: 22 | F7: 16 | G7: 0 | H7: medium | I7: supporting_model_only | J7: supporting_model | K7: backend | L7: Supporting-model or DTO-heavy area; often narrows out of true change-owner scope. 1 likely change-target file(s) in this derived application bucket. JDBC candidate count observed: 16. Contexts: backend.
A8: backend/node-service | B8: backend\node-service | C8: 2 | D8: 1 | E8: 38 | F8: 1 | G8: 17 | H8: high | I8: frontend_reference_only | J8: frontend_reference_only | K8: frontend | L8: Mostly front-end reference traffic; likely not the primary CRDP support owner. 1 likely change-target file(s) in this derived application bucket. JDBC candidate count observed: 1. Contexts: backend, frontend.
A9: backend/python-fastapi | B9: backend\python-fastapi | C9: 3 | D9: 2 | E9: 119 | F9: 3 | G9: 114 | H9: high | I9: review_jdbc_substitution | J9: jdbc_candidate | K9: backend | L9: JDBC-style reduction candidate; application support burden may stay lower than direct wrapper changes. 2 likely change-target file(s) in this derived application bucket. JDBC candidate count observed: 3. Contexts: backend.
A10: backend/spring-boot | B10: backend\spring-boot | C10: 16 | D10: 7 | E10: 187 | F10: 41 | G10: 91 | H10: high | I10: supporting_model_only | J10: supporting_model | K10: backend | L10: Supporting-model or DTO-heavy area; often narrows out of true change-owner scope. 7 likely change-target file(s) in this derived application bucket. JDBC candidate count observed: 41. Contexts: backend.
A11: backend/vector-search | B11: backend\vector-search | C11: 2 | D11: 1 | E11: 27 | F11: 0 | G11: 15 | H11: high | I11: frontend_reference_only | J11: frontend_reference_only | K11: frontend | L11: Mostly front-end reference traffic; likely not the primary CRDP support owner. 1 likely change-target file(s) in this derived application bucket. Contexts: backend, frontend.
A12: frontend/angular | B12: frontend\angular | C12: 1 | D12: 0 | E12: 13 | F12: 0 | G12: 0 | H12: high | I12: frontend_reference_only | J12: frontend_reference_only | K12: frontend | L12: Mostly front-end reference traffic; likely not the primary CRDP support owner. Contexts: frontend.
A13: frontend/node-express-ui | B13: frontend\node-express-ui | C13: 3 | D13: 0 | E13: 21 | F13: 0 | G13: 0 | H13: high | I13: frontend_reference_only | J13: frontend_reference_only | K13: frontend | L13: Mostly front-end reference traffic; likely not the primary CRDP support owner. Contexts: frontend.
A14: frontend/react | B14: frontend\react | C14: 3 | D14: 0 | E14: 56 | F14: 0 | G14: 0 | H14: high | I14: frontend_reference_only | J14: frontend_reference_only | K14: frontend | L14: Mostly front-end reference traffic; likely not the primary CRDP support owner. Contexts: frontend.
... A16: ops/call_thales_wrapper_endpoint.sh | B16: ops\call_thales_wrapper_endpoint.sh | C16: 1 | D16: 0 | E16: 1 | F16: 0 | G16: 0 | H16: low | I16: supporting_model_only | J16: supporting_model | K16: batch_integration | L16: Supporting-model or DTO-heavy area; often narrows out of true change-owner scope. Contexts: batch_integration.

Sheet Assumptions
A1: Assumptions
A3: Base Complexity | B3: Hours / App / Month | D3: Readiness | E3: Multiplier | G3: Criticality | H3: Multiplier | J3: Data / Performance | K3: Multiplier
A4: Low | B4: 3 | D4: High | E4: 0.95 | G4: BusinessHours | H4: 1 | J4: Low | K4: 1
A5: Medium | B5: 7.5 | D5: Medium | E5: 1.1 | G5: Near24x7 | H5: 1.3 | J5: Moderate | K5: 1.2
A6: High | B6: 15.5 | D6: Low | E6: 1.5 | G6: HighlyCritical | H6: 1.6 | J6: High | K6: 1.5
A8: Notes
A9: These defaults are editable and are intentionally similar to the static workbook so teams can compare static and scan-informed planning modes.

Sheet Derived_Scenarios
A1: Derived Support Scenarios
A2: Each row represents a scan-derived application bucket. Edit readiness, criticality, and data/performance labels if needed.
A3: Application | B3: File Count | C3: Likely Change Targets | D3: Complexity | E3: Base Complexity Hours / App / Month | F3: Readiness | G3: Readiness Multiplier | H3: Criticality | I3: Criticality Multiplier | J3: Data / Performance | K3: Data / Performance Multiplier | L3: Adjusted Monthly Hours / App | M3: Total Monthly Hours | N3: Notes
A4: README.md | B4: 1 | C4: 1 | D4: medium | E4: =VLOOKUP(D4,Assumptions!$A$4:$B$6,2,FALSE) | F4: Medium | G4: =VLOOKUP(F4,Assumptions!$D$4:$E$6,2,FALSE) | H4: BusinessHours | I4: =VLOOKUP(H4,Assumptions!$G$4:$H$6,2,FALSE) | J4: Low | K4: =VLOOKUP(J4,Assumptions!$J$4:$K$6,2,FALSE) | L4: =E4*G4*I4*K4 | M4: =C4*L4 | N4: JDBC-style reduction candidate; application support burden may stay lower than direct wrapper changes. 1 likely change-target file(s) in this derived application bucket. JDBC candidate count observed: 2. Contexts: docs.
A5: backend/dotnet-api | B5: 10 | C5: 2 | D5: high | E5: =VLOOKUP(D5,Assumptions!$A$4:$B$6,2,FALSE) | F5: Low | G5: =VLOOKUP(F5,Assumptions!$D$4:$E$6,2,FALSE) | H5: Near24x7 | I5: =VLOOKUP(H5,Assumptions!$G$4:$H$6,2,FALSE) | J5: High | K5: =VLOOKUP(J5,Assumptions!$J$4:$K$6,2,FALSE) | L5: =E5*G5*I5*K5 | M5: =C5*L5 | N5: Supporting-model or DTO-heavy area; often narrows out of true change-owner scope. 2 likely change-target file(s) in this derived application bucket. JDBC candidate count observed: 4. Contexts: backend.
A6: backend/go-service | B6: 1 | C6: 1 | D6: high | E6: =VLOOKUP(D6,Assumptions!$A$4:$B$6,2,FALSE) | F6: Low | G6: =VLOOKUP(F6,Assumptions!$D$4:$E$6,2,FALSE) | H6: Near24x7 | I6: =VLOOKUP(H6,Assumptions!$G$4:$H$6,2,FALSE) | J6: Moderate | K6: =VLOOKUP(J6,Assumptions!$J$4:$K$6,2,FALSE) | L6: =E6*G6*I6*K6 | M6: =C6*L6 | N6: JDBC-style reduction candidate; application support burden may stay lower than direct wrapper changes. 1 likely change-target file(s) in this derived application bucket. JDBC candidate count observed: 1. Contexts: backend.
A7: backend/java-kafka | B7: 1 | C7: 1 | D7: high | E7: =VLOOKUP(D7,Assumptions!$A$4:$B$6,2,FALSE) | F7: Low | G7: =VLOOKUP(F7,Assumptions!$D$4:$E$6,2,FALSE) | H7: Near24x7 | I7: =VLOOKUP(H7,Assumptions!$G$4:$H$6,2,FALSE) | J7: Low | K7: =VLOOKUP(J7,Assumptions!$J$4:$K$6,2,FALSE) | L7: =E7*G7*I7*K7 | M7: =C7*L7 | N7: JDBC-style reduction candidate; application support burden may stay lower than direct wrapper changes. 1 likely change-target file(s) in this derived application bucket. JDBC candidate count observed: 7. Contexts: backend.
A8: backend/jdbc-only | B8: 2 | C8: 1 | D8: medium | E8: =VLOOKUP(D8,Assumptions!$A$4:$B$6,2,FALSE) | F8: Medium | G8: =VLOOKUP(F8,Assumptions!$D$4:$E$6,2,FALSE) | H8: Near24x7 | I8: =VLOOKUP(H8,Assumptions!$G$4:$H$6,2,FALSE) | J8: Moderate | K8: =VLOOKUP(J8,Assumptions!$J$4:$K$6,2,FALSE) | L8: =E8*G8*I8*K8 | M8: =C8*L8 | N8: Supporting-model or DTO-heavy area; often narrows out of true change-owner scope. 1 likely change-target file(s) in this derived application bucket. JDBC candidate count observed: 16. Contexts: backend.
A9: backend/node-service | B9: 2 | C9: 1 | D9: high | E9: =VLOOKUP(D9,Assumptions!$A$4:$B$6,2,FALSE) | F9: Low | G9: =VLOOKUP(F9,Assumptions!$D$4:$E$6,2,FALSE) | H9: BusinessHours | I9: =VLOOKUP(H9,Assumptions!$G$4:$H$6,2,FALSE) | J9: High | K9: =VLOOKUP(J9,Assumptions!$J$4:$K$6,2,FALSE) | L9: =E9*G9*I9*K9 | M9: =C9*L9 | N9: Mostly front-end reference traffic; likely not the primary CRDP support owner. 1 likely change-target file(s) in this derived application bucket. JDBC candidate count observed: 1. Contexts: backend, frontend.
A10: backend/python-fastapi | B10: 3 | C10: 2 | D10: high | E10: =VLOOKUP(D10,Assumptions!$A$4:$B$6,2,FALSE) | F10: Low | G10: =VLOOKUP(F10,Assumptions!$D$4:$E$6,2,FALSE) | H10: Near24x7 | I10: =VLOOKUP(H10,Assumptions!$G$4:$H$6,2,FALSE) | J10: High | K10: =VLOOKUP(J10,Assumptions!$J$4:$K$6,2,FALSE) | L10: =E10*G10*I10*K10 | M10: =C10*L10 | N10: JDBC-style reduction candidate; application support burden may stay lower than direct wrapper changes. 2 likely change-target file(s) in this derived application bucket. JDBC candidate count observed: 3. Contexts: backend.
A11: backend/spring-boot | B11: 16 | C11: 7 | D11: high | E11: =VLOOKUP(D11,Assumptions!$A$4:$B$6,2,FALSE) | F11: Low | G11: =VLOOKUP(F11,Assumptions!$D$4:$E$6,2,FALSE) | H11: Near24x7 | I11: =VLOOKUP(H11,Assumptions!$G$4:$H$6,2,FALSE) | J11: High | K11: =VLOOKUP(J11,Assumptions!$J$4:$K$6,2,FALSE) | L11: =E11*G11*I11*K11 | M11: =C11*L11 | N11: Supporting-model or DTO-heavy area; often narrows out of true change-owner scope. 7 likely change-target file(s) in this derived application bucket. JDBC candidate count observed: 41. Contexts: backend.
A12: backend/vector-search | B12: 2 | C12: 1 | D12: high | E12: =VLOOKUP(D12,Assumptions!$A$4:$B$6,2,FALSE) | F12: Low | G12: =VLOOKUP(F12,Assumptions!$D$4:$E$6,2,FALSE) | H12: BusinessHours | I12: =VLOOKUP(H12,Assumptions!$G$4:$H$6,2,FALSE) | J12: High | K12: =VLOOKUP(J12,Assumptions!$J$4:$K$6,2,FALSE) | L12: =E12*G12*I12*K12 | M12: =C12*L12 | N12: Mostly front-end reference traffic; likely not the primary CRDP support owner. 1 likely change-target file(s) in this derived application bucket. Contexts: backend, frontend.
A13: frontend/angular | B13: 1 | C13: 0 | D13: high | E13: =VLOOKUP(D13,Assumptions!$A$4:$B$6,2,FALSE) | F13: Low | G13: =VLOOKUP(F13,Assumptions!$D$4:$E$6,2,FALSE) | H13: BusinessHours | I13: =VLOOKUP(H13,Assumptions!$G$4:$H$6,2,FALSE) | J13: Moderate | K13: =VLOOKUP(J13,Assumptions!$J$4:$K$6,2,FALSE) | L13: =E13*G13*I13*K13 | M13: =C13*L13 | N13: Mostly front-end reference traffic; likely not the primary CRDP support owner. Contexts: frontend.
A14: frontend/node-express-ui | B14: 3 | C14: 0 | D14: high | E14: =VLOOKUP(D14,Assumptions!$A$4:$B$6,2,FALSE) | F14: Low | G14: =VLOOKUP(F14,Assumptions!$D$4:$E$6,2,FALSE) | H14: BusinessHours | I14: =VLOOKUP(H14,Assumptions!$G$4:$H$6,2,FALSE) | J14: Moderate | K14: =VLOOKUP(J14,Assumptions!$J$4:$K$6,2,FALSE) | L14: =E14*G14*I14*K14 | M14: =C14*L14 | N14: Mostly front-end reference traffic; likely not the primary CRDP support owner. Contexts: frontend.
A15: frontend/react | B15: 3 | C15: 0 | D15: high | E15: =VLOOKUP(D15,Assumptions!$A$4:$B$6,2,FALSE) | F15: Low | G15: =VLOOKUP(F15,Assumptions!$D$4:$E$6,2,FALSE) | H15: BusinessHours | I15: =VLOOKUP(H15,Assumptions!$G$4:$H$6,2,FALSE) | J15: High | K15: =VLOOKUP(J15,Assumptions!$J$4:$K$6,2,FALSE) | L15: =E15*G15*I15*K15 | M15: =C15*L15 | N15: Mostly front-end reference traffic; likely not the primary CRDP support owner. Contexts: frontend.
... A17: ops/call_thales_wrapper_endpoint.sh | B17: 1 | C17: 0 | D17: low | E17: =VLOOKUP(D17,Assumptions!$A$4:$B$6,2,FALSE) | F17: High | G17: =VLOOKUP(F17,Assumptions!$D$4:$E$6,2,FALSE) | H17: BusinessHours | I17: =VLOOKUP(H17,Assumptions!$G$4:$H$6,2,FALSE) | J17: Low | K17: =VLOOKUP(J17,Assumptions!$J$4:$K$6,2,FALSE) | L17: =E17*G17*I17*K17 | M17: =C17*L17 | N17: Supporting-model or DTO-heavy area; often narrows out of true change-owner scope. Contexts: batch_integration.
A19: Total derived applications | B19: =COUNTA(A4:A17)
A20: Total monthly hours | B20: =SUM(M4:M17)
A21: Total annual hours | B21: =B20*12
A22: Estimated monthly FTE (160h) | B22: =B20/160

Sheet Portfolio_Summary
A1: Portfolio Summary
A2: This summary rolls up the scan-derived application buckets from the Derived_Scenarios sheet.
A3: Metric | B3: Value | C3: Interpretation
A4: Derived applications | B4: =Derived_Scenarios!B19 | C4: Distinct scan-derived application buckets represented in this workbook.
A5: Total monthly hours | B5: =Derived_Scenarios!B20 | C5: Editable planning total after readiness, criticality, and data/performance multipliers are applied.
A6: Total annual hours | B6: =Derived_Scenarios!B21 | C6: Simple yearly rollup from the monthly total.
A7: Monthly FTE | B7: =Derived_Scenarios!B22 | C7: Calculated using 160 hours per month as a planning assumption.
